Workbook
Name PPM: PPM!$A$1:$M$5

Sheet PPM
B1: 0 | C1: 1 | D1: 2 | E1: 3 | F1: 4 | G1: 5 | H1: 6 | I1: 7 | J1: 8 | K1: 9 | L1: 10 | M1: 11
A2: A | B2: 0.03125 | C2: 0.046875 | D2: 0 | E2: 1 | F2: 0.90625 | G2: 0.09375 | H2: 0 | I2: 0.015625 | J2: 0.015625 | K2: 0.015625 | L2: 1 | M2: 0
A3: C | B3: 0.25 | C3: 0.015625 | D3: 0.984375 | E3: 0 | F3: 0 | G3: 0.15625 | H3: 0 | I3: 0.25 | J3: 0 | K3: 0.984375 | L3: 0 | M3: 0.234375
A4: G | B4: 0.71875 | C4: 0 | D4: 0.015625 | E4: 0 | F4: 0 | G4: 0.59375 | H4: 0 | I4: 0.734375 | J4: 0 | K4: 0 | L4: 0 | M4: 0
A5: T | B5: 0 | C5: 0.9375 | D5: 0 | E5: 0 | F5: 0.09375 | G5: 0.15625 | H5: 1 | I5: 0 | J5: 0.984375 | K5: 0 | L5: 0 | M5: 0.765625

Sheet KL
A1: Metric: Kullback–Leibler divergence | B1: 0 | C1: 1 | D1: 2 | E1: 3 | F1: 4 | G1: 5 | H1: 6 | I1: 7 | J1: 8 | K1: 9 | L1: 10 | M1: 11 | P1: 0 | Q1: 9 | R1: D_XY | S1: D_YX
A2: 0 | C2: 31.020706 | D2: 1.8600793 | E2: 5 | F2: 7.1966931 | G2: 4.6510475 | H2: 33.219281 | I2: 0.007160376 | J2: 32.66224 | K2: 1.9307599 | L2: 5 | M2: 25.116702 | O2: A | P2: {=INDEX(PPM!$B$2:$M$5, ROW(A1), MATCH(P$1, PPM!$B$1:$M$1, 0)) + 0.0000000001} -> 0.03125 | Q2: {=INDEX(PPM!$B$2:$M$5, ROW(B1), MATCH(Q$1, PPM!$B$1:$M$1, 0)) + 0.0000000001} -> 0.015625 | R2: =P2*LOG(P2/Q2, 2) -> 0.03125 | S2: =Q2 * LOG(Q2/P2, 2) -> -0.015625
A3: 1 | B3: 24.515638 | D3: 6.3091862 | E3: 4.4150375 | F3: 3.5609922 | G3: 19.486306 | H3: 0.093109404 | I3: 25.043546 | J3: 0.044524456 | K3: 5.8591199 | L3: 4.4150375 | M3: 0.69197659 | O3: C | P3: {=INDEX(PPM!$B$2:$M$5, ROW(A2), MATCH(P$1, PPM!$B$1:$M$1, 0)) + 0.0000000001} -> 0.25 | Q3: {=INDEX(PPM!$B$2:$M$5, ROW(B2), MATCH(Q$1, PPM!$B$1:$M$1, 0)) + 0.0000000001} -> 0.984375 | R3: =P3*LOG(P3/Q3, 2) -> -0.49431998 | S3: =Q3 * LOG(Q3/P3, 2) -> 1.9463849
A4: 2 | B4: 4.3575927 | C4: 32.31259 | D4: 0 | E4: 33.219281 | F4: 32.770416 | G4: 10.26727 | H4: 33.219281 | I4: 4.0101325 | J4: 33.103166 | K4: 0.42530126 | L4: 33.219281 | M4: 24.653277 | O4: G | P4: {=INDEX(PPM!$B$2:$M$5, ROW(A3), MATCH(P$1, PPM!$B$1:$M$1, 0)) + 0.0000000001} -> 0.71875 | Q4: {=INDEX(PPM!$B$2:$M$5, ROW(B3), MATCH(Q$1, PPM!$B$1:$M$1, 0)) + 0.0000000001} -> 1e-10 | R4: =P4*LOG(P4/Q4, 2) -> 23.533918 | S4: =Q4 * LOG(Q4/P4, 2) -> -3.2742843e-09
A5: 3 | B5: 31.182489 | C5: 31.274132 | D5: 33.103166 | E5: 0 | F5: 2.6654431 | G5: 28.501373 | H5: 33.219281 | I5: 31.779381 | J5: 32.584115 | K5: 32.584115 | L5: 0 | M5: 32.433721 | O5: T | P5: {=INDEX(PPM!$B$2:$M$5, ROW(A4), MATCH(P$1, PPM!$B$1:$M$1, 0)) + 0.0000000001} -> 1e-10 | Q5: {=INDEX(PPM!$B$2:$M$5, ROW(B4), MATCH(Q$1, PPM!$B$1:$M$1, 0)) + 0.0000000001} -> 1e-10 | R5: =P5*LOG(P5/Q5, 2) -> 0 | S5: =Q5 * LOG(Q5/P5, 2) -> 0
A6: 4 | B6: 31.186927 | C6: 3.3393111 | D6: 33.103166 | E6: 0.142019 | F6: 0 | G6: 23.857774 | H6: 3.4150375 | I6: 31.7816 | J6: 3.2477815 | K6: 32.586334 | L6: 0.142019 | M6: 9.6148468 | R6: =SUM(R2:R5) -> 23.070848 | S6: =SUM(S2:S5) -> 1.9307599 | T6: =AVERAGE(R6:S6) -> 12.500804
A7: 5 | B7: 0.31810015 | C7: 2.3246222 | D7: 2.5318631 | E7: 3.4150375 | F7: 2.8970825 | G7: 0 | H7: 2.6780719 | I7: 0.35433236 | J7: 2.5734719 | K7: 2.5734719 | L7: 3.4150375 | M7: 1.8925116
A8: 6 | B8: 32.220591 | C8: 1.6882101 | D8: 33.103166 | E8: 33.219281 | F8: 29.656109 | G8: 26.425168 | H8: 0 | I8: 32.298432 | J8: 0.40293619 | K8: 33.103166 | L8: 33.219281 | M8: 7.0002087
A9: 7 | B9: 0.008949419 | C9: 31.067581 | D9: 1.8595945 | E9: 6 | F9: 8.1029431 | G9: 4.7263752 | H9: 33.219281 | I9: 0 | J9: 32.677865 | K9: 1.9463849 | L9: 6 | M9: 25.116702
A10: 8 | B10: 31.369989 | C10: 0.43360639 | D10: 33.103166 | E10: 6 | F10: 4.9907655 | G10: 23.87691 | H10: 0.022720076 | I10: 31.873131 | J10: 0 | K10: 32.677865 | L10: 6 | M10: 7.0176037
A11: 9 | B11: 23.070848 | C11: 31.036686 | D11: 0.42530126 | E11: 6 | F11: 8.1029431 | G11: 23.87691 | H11: 33.219281 | I11: 23.573991 | J11: 32.677865 | K11: 0 | L11: 6 | M11: 24.653277
A12: 10 | B12: 31.182489 | C12: 31.274132 | D12: 33.103166 | E12: 0 | F12: 2.6654431 | G12: 28.501373 | H12: 33.219281 | I12: 31.779381 | J12: 32.584115 | K12: 32.584115 | L12: 0 | M12: 32.433721
A13: 11 | B13: 24.439048 | C13: 1.5630732 | D13: 2.4633408 | E13: 33.219281 | F13: 29.69223 | G13: 21.621905 | H13: 0.38529016 | I13: 24.516889 | J13: 0.78220619 | K13: 2.4633408 | L13: 33.219281 | M13: 0

Sheet Information Content
A1: Metric: Avg Information Content | B1: 0 | C1: 1 | D1: 2 | E1: 3 | F1: 4 | G1: 5 | H1: 6 | I1: 7 | J1: 8 | K1: 9 | L1: 10 | M1: 11 | P1: 3 | Q1: 9 | R1: P_XY | S1: H_P | T1: H_Q | U1: H_after | V1: Result (H_before - H_after)
A2: 0 | C2: 0.38745152 | D2: =0.945815271 -> 0.94581527 | E2: 0.60167079 | F2: 0.37505516 | G2: 0.59676076 | H2: 0.50065508 | I2: 1.0382551 | J2: 0.4641201 | K2: 0.91279231 | L2: 0.60167079 | M2: 0.34988061 | O2: A | P2: {=INDEX(PPM!$B$2:$M$5, ROW(A1), MATCH(P$1, PPM!$B$1:$M$1, 0)) + 0.0000000001} -> 1 | Q2: {=INDEX(PPM!$B$2:$M$5, ROW(B1), MATCH(Q$1, PPM!$B$1:$M$1, 0)) + 0.0000000001} -> 0.015625 | R2: =AVERAGE(P2,Q2) -> 0.5078125 | S2: =P2*LOG(P2, 2) -> 1.4426952e-10 | T2: =Q2*LOG(Q2, 2) -> -0.09375 | U2: =R2*LOG(R2, 2) -> -0.49645384
A3: 1 | B3: {=INDEX($B$2:$M$13, COLUMN(A2), ROW(A2))} -> 0.38745152 | D3: 0.80600252 | E3: 0.94407352 | F3: 0.94300773 | G3: 0.43011039 | H3: 1.7740252 | I3: 0.41379672 | J3: 1.7338225 | K3: 0.83135496 | L3: 0.94407352 | M3: 1.3006795 | O3: C | P3: {=INDEX(PPM!$B$2:$M$5, ROW(A2), MATCH(P$1, PPM!$B$1:$M$1, 0)) + 0.0000000001} -> 1e-10 | Q3: {=INDEX(PPM!$B$2:$M$5, ROW(B2), MATCH(Q$1, PPM!$B$1:$M$1, 0)) + 0.0000000001} -> 0.984375 | R3: =AVERAGE(P3,Q3) -> 0.4921875 | S3: =P3*LOG(P3, 2) -> -3.3219281e-09 | T3: =Q3*LOG(Q3, 2) -> -0.022365075 | U3: =R3*LOG(R3, 2) -> -0.50337004
A4: 2 | B4: {=INDEX($B$2:$M$13, COLUMN(A3), ROW(A3))} -> 0.94581527 | C4: {=INDEX($B$2:$M$13, COLUMN(B3), ROW(B3))} -> 0.80600252 | E4: 0.94194246 | F4: 0.71751022 | G4: 0.52122606 | H4: 0.94194246 | I4: 0.98497561 | J4: 0.88388492 | K4: 1.8682599 | L4: 0.94194246 | M4: 0.97954809 | O4: G | P4: {=INDEX(PPM!$B$2:$M$5, ROW(A3), MATCH(P$1, PPM!$B$1:$M$1, 0)) + 0.0000000001} -> 1e-10 | Q4: {=INDEX(PPM!$B$2:$M$5, ROW(B3), MATCH(Q$1, PPM!$B$1:$M$1, 0)) + 0.0000000001} -> 1e-10 | R4: =AVERAGE(P4,Q4) -> 1e-10 | S4: =P4*LOG(P4, 2) -> -3.3219281e-09 | T4: =Q4*LOG(Q4, 2) -> -3.3219281e-09 | U4: =R4*LOG(R4, 2) -> -3.3219281e-09
A5: 3 | B5: {=INDEX($B$2:$M$13, COLUMN(A4), ROW(A4))} -> 0.60167079 | C5: {=INDEX($B$2:$M$13, COLUMN(B4), ROW(B4))} -> 0.94407352 | D5: {=INDEX($B$2:$M$13, COLUMN(C4), ROW(C4))} -> 0.94194246 | F5: 1.7270291 | G5: 0.42898139 | H5: 0.99999999 | I5: 0.59780925 | J5: 1.0001761 | K5: 1.0001761 | L5: 2 | M5: 0.60721985 | O5: T | P5: {=INDEX(PPM!$B$2:$M$5, ROW(A4), MATCH(P$1, PPM!$B$1:$M$1, 0)) + 0.0000000001} -> 1e-10 | Q5: {=INDEX(PPM!$B$2:$M$5, ROW(B4), MATCH(Q$1, PPM!$B$1:$M$1, 0)) + 0.0000000001} -> 1e-10 | R5: =AVERAGE(P5,Q5) -> 1e-10 | S5: =P5*LOG(P5, 2) -> -3.3219281e-09 | T5: =Q5*LOG(Q5, 2) -> -3.3219281e-09 | U5: =R5*LOG(R5, 2) -> -3.3219281e-09
A6: 4 | B6: {=INDEX($B$2:$M$13, COLUMN(A5), ROW(A5))} -> 0.37505516 | C6: {=INDEX($B$2:$M$13, COLUMN(B5), ROW(B5))} -> 0.94300773 | D6: {=INDEX($B$2:$M$13, COLUMN(C5), ROW(C5))} -> 0.71751022 | E6: {=INDEX($B$2:$M$13, COLUMN(D5), ROW(D5))} -> 1.7270291 | G6: 0.31750411 | H6: 1.0063493 | I6: 0.37227649 | J6: 1.0044072 | K6: 0.77464336 | L6: 1.7270291 | M6: 0.59641438 | R6: =SUM(R2:R5) -> 1 | S6: =2+SUM(S2:S5) -> 2 | T6: =2+SUM(T2:T5) -> 1.8838849 | U6: =-SUM(U2:U5) -> 0.99982389 | V6: =2 - U6 -> 1.0001761
A7: 5 | B7: {=INDEX($B$2:$M$13, COLUMN(A6), ROW(A6))} -> 0.59676076 | C7: {=INDEX($B$2:$M$13, COLUMN(B6), ROW(B6))} -> 0.43011039 | D7: {=INDEX($B$2:$M$13, COLUMN(C6), ROW(C6))} -> 0.52122606 | E7: {=INDEX($B$2:$M$13, COLUMN(D6), ROW(D6))} -> 0.42898139 | F7: {=INDEX($B$2:$M$13, COLUMN(E6), ROW(E6))} -> 0.31750411 | H7: 0.52851446 | I7: 0.62406584 | J7: 0.50116565 | K7: 0.50116565 | L7: 0.42898139 | M7: 0.29768254
A8: 6 | B8: {=INDEX($B$2:$M$13, COLUMN(A7), ROW(A7))} -> 0.50065508 | C8: {=INDEX($B$2:$M$13, COLUMN(B7), ROW(B7))} -> 1.7740252 | D8: {=INDEX($B$2:$M$13, COLUMN(C7), ROW(C7))} -> 0.94194246 | E8: {=INDEX($B$2:$M$13, COLUMN(D7), ROW(D7))} -> 0.99999999 | F8: {=INDEX($B$2:$M$13, COLUMN(E7), ROW(E7))} -> 1.0063493 | G8: {=INDEX($B$2:$M$13, COLUMN(F7), ROW(F7))} -> 0.52851446 | I8: 0.53957559 | J8: 1.9340856 | K8: 0.94194246 | L8: 0.99999999 | M8: 1.478778
A9: 7 | B9: {=INDEX($B$2:$M$13, COLUMN(A8), ROW(A8))} -> 1.0382551 | C9: {=INDEX($B$2:$M$13, COLUMN(B8), ROW(B8))} -> 0.41379672 | D9: {=INDEX($B$2:$M$13, COLUMN(C8), ROW(C8))} -> 0.98497561 | E9: {=INDEX($B$2:$M$13, COLUMN(D8), ROW(D8))} -> 0.59780925 | F9: {=INDEX($B$2:$M$13, COLUMN(E8), ROW(E8))} -> 0.37227649 | G9: {=INDEX($B$2:$M$13, COLUMN(F8), ROW(F8))} -> 0.62406584 | H9: {=INDEX($B$2:$M$13, COLUMN(G8), ROW(G8))} -> 0.53957559 | J9: 0.49714306 | K9: 0.94581527 | L9: 0.59780925 | M9: 0.38880112
A10: 8 | B10: {=INDEX($B$2:$M$13, COLUMN(A9), ROW(A9))} -> 0.4641201 | C10: {=INDEX($B$2:$M$13, COLUMN(B9), ROW(B9))} -> 1.7338225 | D10: {=INDEX($B$2:$M$13, COLUMN(C9), ROW(C9))} -> 0.88388492 | E10: {=INDEX($B$2:$M$13, COLUMN(D9), ROW(D9))} -> 1.0001761 | F10: {=INDEX($B$2:$M$13, COLUMN(E9), ROW(E9))} -> 1.0044072 | G10: {=INDEX($B$2:$M$13, COLUMN(F9), ROW(F9))} -> 0.50116565 | H10: {=INDEX($B$2:$M$13, COLUMN(G9), ROW(G9))} -> 1.9340856 | I10: {=INDEX($B$2:$M$13, COLUMN(H9), ROW(H9))} -> 0.49714306 | K10: 0.89950992 | L10: 1.0001761 | M10: 1.4142743
A11: 9 | B11: {=INDEX($B$2:$M$13, COLUMN(A10), ROW(A10))} -> 0.91279231 | C11: {=INDEX($B$2:$M$13, COLUMN(B10), ROW(B10))} -> 0.83135496 | D11: {=INDEX($B$2:$M$13, COLUMN(C10), ROW(C10))} -> 1.8682599 | E11: {=INDEX($B$2:$M$13, COLUMN(D10), ROW(D10))} -> 1.0001761 | F11: {=INDEX($B$2:$M$13, COLUMN(E10), ROW(E10))} -> 0.77464336 | G11: {=INDEX($B$2:$M$13, COLUMN(F10), ROW(F10))} -> 0.50116565 | H11: {=INDEX($B$2:$M$13, COLUMN(G10), ROW(G10))} -> 0.94194246 | I11: {=INDEX($B$2:$M$13, COLUMN(H10), ROW(H10))} -> 0.94581527 | J11: {=INDEX($B$2:$M$13, COLUMN(I10), ROW(I10))} -> 0.89950992 | L11: 1.0001761 | M11: 0.97954809
A12: 10 | B12: {=INDEX($B$2:$M$13, COLUMN(A11), ROW(A11))} -> 0.60167079 | C12: {=INDEX($B$2:$M$13, COLUMN(B11), ROW(B11))} -> 0.94407352 | D12: {=INDEX($B$2:$M$13, COLUMN(C11), ROW(C11))} -> 0.94194246 | E12: {=INDEX($B$2:$M$13, COLUMN(D11), ROW(D11))} -> 2 | F12: {=INDEX($B$2:$M$13, COLUMN(E11), ROW(E11))} -> 1.7270291 | G12: {=INDEX($B$2:$M$13, COLUMN(F11), ROW(F11))} -> 0.42898139 | H12: {=INDEX($B$2:$M$13, COLUMN(G11), ROW(G11))} -> 0.99999999 | I12: {=INDEX($B$2:$M$13, COLUMN(H11), ROW(H11))} -> 0.59780925 | ... K12: {=INDEX($B$2:$M$13, COLUMN(J11), ROW(J11))} -> 1.0001761 | M12: 0.60721985
A13: 11 | B13: {=INDEX($B$2:$M$13, COLUMN(A12), ROW(A12))} -> 0.34988061 | C13: {=INDEX($B$2:$M$13, COLUMN(B12), ROW(B12))} -> 1.3006795 | D13: {=INDEX($B$2:$M$13, COLUMN(C12), ROW(C12))} -> 0.97954809 | E13: {=INDEX($B$2:$M$13, COLUMN(D12), ROW(D12))} -> 0.60721985 | F13: {=INDEX($B$2:$M$13, COLUMN(E12), ROW(E12))} -> 0.59641438 | G13: {=INDEX($B$2:$M$13, COLUMN(F12), ROW(F12))} -> 0.29768254 | H13: {=INDEX($B$2:$M$13, COLUMN(G12), ROW(G12))} -> 1.478778 | I13: {=INDEX($B$2:$M$13, COLUMN(H12), ROW(H12))} -> 0.38880112 | ... L13: {=INDEX($B$2:$M$13, COLUMN(K12), ROW(K12))} -> 0.60721985
A16: X,Y Dominant Base | B16: X | C16: Y | D16: Note
A17: G, C | B17: 0 | C17: 9 | D17: Eliminated with "longest diagonal"
A18: T, T | B18: 1 | C18: 6 | D18: Eliminated with "longest diagonal"
A19: T, T | B19: 1 | C19: 11 | D19: Eliminated with "longest diagonal"
A20: A, A | B20: 3 | C20: 4 | D20: Eliminated with "longest diagonal"
A21: A, A | B21: 4 | C21: 10
A22: T, T | B22: 6 | C22: 8
A23: T, T | B23: 6 | C23: 11
A24: G, C | B24: 7 | C24: 9

Sheet Pearson Correlation
A1: Metric: Pearson Correlation | B1: 0 | C1: 1 | D1: 2 | E1: 3 | F1: 4 | G1: 5 | H1: 6 | I1: 7 | J1: 8 | K1: 9 | L1: 10 | M1: 11 | P1: 3 | Q1: 9 | R1: Corr
A2: 0 | C2: -0.535877 | D2: 0.015031992 | E2: -0.43965201 | F2: -0.50661061 | G2: 0.95141007 | H2: -0.50245943 | I2: 0.99980302 | J2: -0.51208986 | K2: -0.00701493 | L2: -0.43965201 | M2: -0.53271688 | O2: A | P2: {=INDEX(PPM!$B$2:$M$5, ROW(A1), MATCH(P$1, PPM!$B$1:$M$1, 0)) + 0.0000000001} -> 1 | Q2: {=INDEX(PPM!$B$2:$M$5, ROW(B1), MATCH(Q$1, PPM!$B$1:$M$1, 0)) + 0.0000000001} -> 0.015625
A3: 1 | B3: {=INDEX($B$2:$M$13, COLUMN(A2), ROW(A2))} -> -0.535877 | D3: -0.34817113 | E3: -0.29518784 | F3: -0.19767812 | G3: -0.3040388 | H3: 0.9990973 | I3: -0.52043821 | J3: 0.99958808 | K3: -0.34708423 | L3: -0.29518784 | M3: 0.94871716 | O3: C | P3: {=INDEX(PPM!$B$2:$M$5, ROW(A2), MATCH(P$1, PPM!$B$1:$M$1, 0)) + 0.0000000001} -> 1e-10 | Q3: {=INDEX(PPM!$B$2:$M$5, ROW(B2), MATCH(Q$1, PPM!$B$1:$M$1, 0)) + 0.0000000001} -> 0.984375
A4: 2 | B4: {=INDEX($B$2:$M$13, COLUMN(A3), ROW(A3))} -> 0.015031992 | C4: {=INDEX($B$2:$M$13, COLUMN(B3), ROW(B3))} -> -0.34817113 | E4: -0.34038701 | F4: -0.38704402 | G4: -0.25608356 | H4: -0.34038701 | I4: 0.015040514 | J4: -0.34758995 | K4: 0.99966056 | L4: -0.34038701 | M4: -0.036364654 | O4: G | P4: {=INDEX(PPM!$B$2:$M$5, ROW(A3), MATCH(P$1, PPM!$B$1:$M$1, 0)) + 0.0000000001} -> 1e-10 | Q4: {=INDEX(PPM!$B$2:$M$5, ROW(B3), MATCH(Q$1, PPM!$B$1:$M$1, 0)) + 0.0000000001} -> 1e-10
A5: 3 | B5: {=INDEX($B$2:$M$13, COLUMN(A4), ROW(A4))} -> -0.43965201 | C5: {=INDEX($B$2:$M$13, COLUMN(B4), ROW(B4))} -> -0.29518784 | D5: {=INDEX($B$2:$M$13, COLUMN(C4), ROW(C4))} -> -0.34038701 | F5: 0.99493668 | G5: -0.45083482 | H5: -0.33333333 | I5: -0.45611883 | J5: -0.31911282 | K5: -0.31911282 | L5: 1 | M5: -0.46159181 | O5: T | P5: {=INDEX(PPM!$B$2:$M$5, ROW(A4), MATCH(P$1, PPM!$B$1:$M$1, 0)) + 0.0000000001} -> 1e-10 | Q5: {=INDEX(PPM!$B$2:$M$5, ROW(B4), MATCH(Q$1, PPM!$B$1:$M$1, 0)) + 0.0000000001} -> 1e-10
A6: 4 | B6: {=INDEX($B$2:$M$13, COLUMN(A5), ROW(A5))} -> -0.50661061 | C6: {=INDEX($B$2:$M$13, COLUMN(B5), ROW(B5))} -> -0.19767812 | D6: {=INDEX($B$2:$M$13, COLUMN(C5), ROW(C5))} -> -0.38704402 | E6: {=INDEX($B$2:$M$13, COLUMN(D5), ROW(D5))} -> 0.99493668 | G6: -0.4934073 | H6: -0.23688968 | I6: -0.52188075 | J6: -0.22224794 | K6: -0.36512161 | L6: 0.99493668 | M6: -0.3741695 | R6: =CORREL(P2:P5, Q2:Q5) -> -0.31911282
A7: 5 | B7: {=INDEX($B$2:$M$13, COLUMN(A6), ROW(A6))} -> 0.95141007 | C7: {=INDEX($B$2:$M$13, COLUMN(B6), ROW(B6))} -> -0.3040388 | D7: {=INDEX($B$2:$M$13, COLUMN(C6), ROW(C6))} -> -0.25608356 | E7: {=INDEX($B$2:$M$13, COLUMN(D6), ROW(D6))} -> -0.45083482 | F7: {=INDEX($B$2:$M$13, COLUMN(E6), ROW(E6))} -> -0.4934073 | H7: -0.27050089 | I7: 0.95414291 | J7: -0.27910231 | K7: -0.27910231 | L7: -0.45083482 | M7: -0.37458299
A8: 6 | B8: {=INDEX($B$2:$M$13, COLUMN(A7), ROW(A7))} -> -0.50245943 | C8: {=INDEX($B$2:$M$13, COLUMN(B7), ROW(B7))} -> 0.9990973 | D8: {=INDEX($B$2:$M$13, COLUMN(C7), ROW(C7))} -> -0.34038701 | E8: {=INDEX($B$2:$M$13, COLUMN(D7), ROW(D7))} -> -0.33333333 | F8: {=INDEX($B$2:$M$13, COLUMN(E7), ROW(E7))} -> -0.23688968 | G8: {=INDEX($B$2:$M$13, COLUMN(F7), ROW(F7))} -> -0.27050089 | I8: -0.48652675 | J8: 0.99988685 | K8: -0.34038701 | L8: -0.33333333 | M8: 0.95203311
A9: 7 | B9: {=INDEX($B$2:$M$13, COLUMN(A8), ROW(A8))} -> 0.99980302 | C9: {=INDEX($B$2:$M$13, COLUMN(B8), ROW(B8))} -> -0.52043821 | D9: {=INDEX($B$2:$M$13, COLUMN(C8), ROW(C8))} -> 0.015040514 | E9: {=INDEX($B$2:$M$13, COLUMN(D8), ROW(D8))} -> -0.45611883 | F9: {=INDEX($B$2:$M$13, COLUMN(E8), ROW(E8))} -> -0.52188075 | G9: {=INDEX($B$2:$M$13, COLUMN(F8), ROW(F8))} -> 0.95414291 | H9: {=INDEX($B$2:$M$13, COLUMN(G8), ROW(G8))} -> -0.48652675 | J9: -0.49633698 | K9: -0.0072776683 | L9: -0.45611883 | M9: -0.51582475
A10: 8 | B10: {=INDEX($B$2:$M$13, COLUMN(A9), ROW(A9))} -> -0.51208986 | C10: {=INDEX($B$2:$M$13, COLUMN(B9), ROW(B9))} -> 0.99958808 | D10: {=INDEX($B$2:$M$13, COLUMN(C9), ROW(C9))} -> -0.34758995 | E10: {=INDEX($B$2:$M$13, COLUMN(D9), ROW(D9))} -> -0.31911282 | F10: {=INDEX($B$2:$M$13, COLUMN(E9), ROW(E9))} -> -0.22224794 | G10: {=INDEX($B$2:$M$13, COLUMN(F9), ROW(F9))} -> -0.27910231 | H10: {=INDEX($B$2:$M$13, COLUMN(G9), ROW(G9))} -> 0.99988685 | I10: {=INDEX($B$2:$M$13, COLUMN(H9), ROW(H9))} -> -0.49633698 | K10: -0.34725051 | L10: -0.31911282 | M10: 0.94962382
A11: 9 | B11: {=INDEX($B$2:$M$13, COLUMN(A10), ROW(A10))} -> -0.00701493 | C11: {=INDEX($B$2:$M$13, COLUMN(B10), ROW(B10))} -> -0.34708423 | D11: {=INDEX($B$2:$M$13, COLUMN(C10), ROW(C10))} -> 0.99966056 | E11: {=INDEX($B$2:$M$13, COLUMN(D10), ROW(D10))} -> -0.31911282 | F11: {=INDEX($B$2:$M$13, COLUMN(E10), ROW(E10))} -> -0.36512161 | G11: {=INDEX($B$2:$M$13, COLUMN(F10), ROW(F10))} -> -0.27910231 | H11: {=INDEX($B$2:$M$13, COLUMN(G10), ROW(G10))} -> -0.34038701 | I11: {=INDEX($B$2:$M$13, COLUMN(H10), ROW(H10))} -> -0.0072776683 | J11: {=INDEX($B$2:$M$13, COLUMN(I10), ROW(I10))} -> -0.34725051 | L11: -0.31911282 | M11: -0.036364654
A12: 10 | B12: {=INDEX($B$2:$M$13, COLUMN(A11), ROW(A11))} -> -0.43965201 | C12: {=INDEX($B$2:$M$13, COLUMN(B11), ROW(B11))} -> -0.29518784 | D12: {=INDEX($B$2:$M$13, COLUMN(C11), ROW(C11))} -> -0.34038701 | E12: {=INDEX($B$2:$M$13, COLUMN(D11), ROW(D11))} -> 1 | F12: {=INDEX($B$2:$M$13, COLUMN(E11), ROW(E11))} -> 0.99493668 | G12: {=INDEX($B$2:$M$13, COLUMN(F11), ROW(F11))} -> -0.45083482 | H12: {=INDEX($B$2:$M$13, COLUMN(G11), ROW(G11))} -> -0.33333333 | I12: {=INDEX($B$2:$M$13, COLUMN(H11), ROW(H11))} -> -0.45611883 | ... K12: {=INDEX($B$2:$M$13, COLUMN(J11), ROW(J11))} -> -0.31911282 | M12: -0.46159181
A13: 11 | B13: {=INDEX($B$2:$M$13, COLUMN(A12), ROW(A12))} -> -0.53271688 | C13: {=INDEX($B$2:$M$13, COLUMN(B12), ROW(B12))} -> 0.94871716 | D13: {=INDEX($B$2:$M$13, COLUMN(C12), ROW(C12))} -> -0.036364654 | E13: {=INDEX($B$2:$M$13, COLUMN(D12), ROW(D12))} -> -0.46159181 | F13: {=INDEX($B$2:$M$13, COLUMN(E12), ROW(E12))} -> -0.3741695 | G13: {=INDEX($B$2:$M$13, COLUMN(F12), ROW(F12))} -> -0.37458299 | H13: {=INDEX($B$2:$M$13, COLUMN(G12), ROW(G12))} -> 0.95203311 | I13: {=INDEX($B$2:$M$13, COLUMN(H12), ROW(H12))} -> -0.51582475 | ... L13: {=INDEX($B$2:$M$13, COLUMN(K12), ROW(K12))} -> -0.46159181

Sheet JSD
A1: Metric: Jensen–Shannon divergence | B1: 0 | C1: 1 | D1: 2 | E1: 3 | F1: 4 | G1: 5 | H1: 6 | I1: 7 | J1: 8 | K1: 9 | L1: 10 | M1: 11 | P1: 0 | Q1: 7 | R1: Midpoint | S1: DKL_PM | T1: DKL_QM | U1: JSD (Average)
A2: 0 | C2: 0.91920608 | D2: 0.49678226 | E2: 0.89898428 | F2: 0.90116767 | G2: 0.10209418 | H2: 0.99999999 | I2: 0.00197554 | J2: 0.97847744 | K2: 0.52980522 | L2: 0.89898428 | M2: 0.75799432 | O2: A | P2: {=INDEX(PPM!$B$2:$M$5, ROW(A1), MATCH(P$1, PPM!$B$1:$M$1, 0)) + 0.0000000001} -> 0.03125 | Q2: {=INDEX(PPM!$B$2:$M$5, ROW(B1), MATCH(Q$1, PPM!$B$1:$M$1, 0)) + 0.0000000001} -> 0.015625 | R2: =AVERAGE(P2,Q2) -> 0.0234375 | S2: =P2*LOG(P2/$R2, 2) -> 0.012969922 | T2: =Q2*LOG(Q2/$R2, 2) -> -0.0091400391
A3: 1 | B3: {=INDEX($B$2:$M$13, COLUMN(A2), ROW(A2))} -> 0.91920608 | D3: 0.94194246 | E3: 0.86192899 | F3: 0.63856255 | G3: 0.574092 | H3: 0.031977288 | I3: 0.9317814 | J3: 0.014122454 | K3: 0.91659002 | L3: 0.86192899 | M3: 0.11254285 | O3: C | P3: {=INDEX(PPM!$B$2:$M$5, ROW(A2), MATCH(P$1, PPM!$B$1:$M$1, 0)) + 0.0000000001} -> 0.25 | Q3: {=INDEX(PPM!$B$2:$M$5, ROW(B2), MATCH(Q$1, PPM!$B$1:$M$1, 0)) + 0.0000000001} -> 0.25 | R3: =AVERAGE(P3,Q3) -> 0.25 | S3: =P3*LOG(P3/$R3, 2) -> 0 | T3: =Q3*LOG(Q3/$R3, 2) -> 0
A4: 2 | B4: {=INDEX($B$2:$M$13, COLUMN(A3), ROW(A3))} -> 0.49678226 | C4: {=INDEX($B$2:$M$13, COLUMN(B3), ROW(B3))} -> 0.94194246 | E4: 1 | F4: 0.99999999 | G4: 0.61891626 | H4: 1 | I4: 0.49654244 | J4: 0.99999999 | K4: 0.015624997 | L4: 1 | M4: 0.56961422 | O4: G | P4: {=INDEX(PPM!$B$2:$M$5, ROW(A3), MATCH(P$1, PPM!$B$1:$M$1, 0)) + 0.0000000001} -> 0.71875 | Q4: {=INDEX(PPM!$B$2:$M$5, ROW(B3), MATCH(Q$1, PPM!$B$1:$M$1, 0)) + 0.0000000001} -> 0.734375 | R4: =AVERAGE(P4,Q4) -> 0.7265625 | S4: =P4*LOG(P4/$R4, 2) -> -0.01121024 | T4: =Q4*LOG(Q4/$R4, 2) -> 0.011331436
A5: 3 | B5: {=INDEX($B$2:$M$13, COLUMN(A4), ROW(A4))} -> 0.89898428 | C5: {=INDEX($B$2:$M$13, COLUMN(B4), ROW(B4))} -> 0.86192899 | D5: {=INDEX($B$2:$M$13, COLUMN(C4), ROW(C4))} -> 1 | F5: 0.048538612 | G5: 0.76921846 | H5: 1 | I5: 0.94176634 | J5: 0.94176634 | K5: 0.94176634 | L5: 0 | M5: 1 | O5: T | P5: {=INDEX(PPM!$B$2:$M$5, ROW(A4), MATCH(P$1, PPM!$B$1:$M$1, 0)) + 0.0000000001} -> 1e-10 | Q5: {=INDEX(PPM!$B$2:$M$5, ROW(B4), MATCH(Q$1, PPM!$B$1:$M$1, 0)) + 0.0000000001} -> 1e-10 | R5: =AVERAGE(P5,Q5) -> 1e-10 | S5: =P5*LOG(P5/$R5, 2) -> 0 | T5: =Q5*LOG(Q5/$R5, 2) -> 0
A6: 4 | B6: {=INDEX($B$2:$M$13, COLUMN(A5), ROW(A5))} -> 0.90116767 | C6: {=INDEX($B$2:$M$13, COLUMN(B5), ROW(B5))} -> 0.63856255 | D6: {=INDEX($B$2:$M$13, COLUMN(C5), ROW(C5))} -> 0.99999999 | E6: {=INDEX($B$2:$M$13, COLUMN(D5), ROW(D5))} -> 0.048538612 | G6: 0.6562635 | H6: 0.76921847 | I6: 0.94286685 | J6: 0.71310297 | K6: 0.94286685 | L6: 0.048538612 | M6: 0.78637322 | R6: =SUM(R2:R5) -> 1 | S6: =SUM(S2:S5) -> 0.0017596823 | T6: =SUM(T2:T5) -> 0.002191397 | U6: =0.5*(S6+T6) -> 0.0019755396
A7: 5 | B7: {=INDEX($B$2:$M$13, COLUMN(A6), ROW(A6))} -> 0.10209418 | C7: {=INDEX($B$2:$M$13, COLUMN(B6), ROW(B6))} -> 0.574092 | D7: {=INDEX($B$2:$M$13, COLUMN(C6), ROW(C6))} -> 0.61891626 | E7: {=INDEX($B$2:$M$13, COLUMN(D6), ROW(D6))} -> 0.76921846 | F7: {=INDEX($B$2:$M$13, COLUMN(E6), ROW(E6))} -> 0.6562635 | H7: 0.6696854 | I7: 0.11370961 | J7: 0.63897667 | K7: 0.63897667 | L7: 0.76921846 | M7: 0.50773717
A8: 6 | B8: {=INDEX($B$2:$M$13, COLUMN(A7), ROW(A7))} -> 0.99999999 | C8: {=INDEX($B$2:$M$13, COLUMN(B7), ROW(B7))} -> 0.031977288 | D8: {=INDEX($B$2:$M$13, COLUMN(C7), ROW(C7))} -> 1 | E8: {=INDEX($B$2:$M$13, COLUMN(D7), ROW(D7))} -> 1 | F8: {=INDEX($B$2:$M$13, COLUMN(E7), ROW(E7))} -> 0.76921847 | G8: {=INDEX($B$2:$M$13, COLUMN(F7), ROW(F7))} -> 0.6696854 | I8: 0.99999999 | J8: 0.0078568734 | K8: 1 | L8: 1 | M8: 0.12844187
A9: 7 | B9: {=INDEX($B$2:$M$13, COLUMN(A8), ROW(A8))} -> 0.00197554 | C9: {=INDEX($B$2:$M$13, COLUMN(B8), ROW(B8))} -> 0.9317814 | D9: {=INDEX($B$2:$M$13, COLUMN(C8), ROW(C8))} -> 0.49654244 | E9: {=INDEX($B$2:$M$13, COLUMN(D8), ROW(D8))} -> 0.94176634 | F9: {=INDEX($B$2:$M$13, COLUMN(E8), ROW(E8))} -> 0.94286685 | G9: {=INDEX($B$2:$M$13, COLUMN(F8), ROW(F8))} -> 0.11370961 | H9: {=INDEX($B$2:$M$13, COLUMN(G8), ROW(G8))} -> 0.99999999 | J9: 0.984375 | K9: 0.53570278 | L9: 0.94176634 | M9: 0.75799432
A10: 8 | B10: {=INDEX($B$2:$M$13, COLUMN(A9), ROW(A9))} -> 0.97847744 | C10: {=INDEX($B$2:$M$13, COLUMN(B9), ROW(B9))} -> 0.014122454 | D10: {=INDEX($B$2:$M$13, COLUMN(C9), ROW(C9))} -> 0.99999999 | E10: {=INDEX($B$2:$M$13, COLUMN(D9), ROW(D9))} -> 0.94176634 | F10: {=INDEX($B$2:$M$13, COLUMN(E9), ROW(E9))} -> 0.71310297 | G10: {=INDEX($B$2:$M$13, COLUMN(F9), ROW(F9))} -> 0.63897667 | H10: {=INDEX($B$2:$M$13, COLUMN(G9), ROW(G9))} -> 0.0078568734 | I10: {=INDEX($B$2:$M$13, COLUMN(H9), ROW(H9))} -> 0.984375 | K10: 0.984375 | L10: 0.94176634 | M10: 0.13488801
A11: 9 | B11: {=INDEX($B$2:$M$13, COLUMN(A10), ROW(A10))} -> 0.52980522 | C11: {=INDEX($B$2:$M$13, COLUMN(B10), ROW(B10))} -> 0.91659002 | D11: {=INDEX($B$2:$M$13, COLUMN(C10), ROW(C10))} -> 0.015624997 | E11: {=INDEX($B$2:$M$13, COLUMN(D10), ROW(D10))} -> 0.94176634 | F11: {=INDEX($B$2:$M$13, COLUMN(E10), ROW(E10))} -> 0.94286685 | G11: {=INDEX($B$2:$M$13, COLUMN(F10), ROW(F10))} -> 0.63897667 | H11: {=INDEX($B$2:$M$13, COLUMN(G10), ROW(G10))} -> 1 | I11: {=INDEX($B$2:$M$13, COLUMN(H10), ROW(H10))} -> 0.53570278 | J11: {=INDEX($B$2:$M$13, COLUMN(I10), ROW(I10))} -> 0.984375 | L11: 0.94176634 | M11: 0.56961422
A12: 10 | B12: {=INDEX($B$2:$M$13, COLUMN(A11), ROW(A11))} -> 0.89898428 | C12: {=INDEX($B$2:$M$13, COLUMN(B11), ROW(B11))} -> 0.86192899 | D12: {=INDEX($B$2:$M$13, COLUMN(C11), ROW(C11))} -> 1 | E12: {=INDEX($B$2:$M$13, COLUMN(D11), ROW(D11))} -> 0 | F12: {=INDEX($B$2:$M$13, COLUMN(E11), ROW(E11))} -> 0.048538612 | G12: {=INDEX($B$2:$M$13, COLUMN(F11), ROW(F11))} -> 0.76921846 | H12: {=INDEX($B$2:$M$13, COLUMN(G11), ROW(G11))} -> 1 | I12: {=INDEX($B$2:$M$13, COLUMN(H11), ROW(H11))} -> 0.94176634 | ... K12: {=INDEX($B$2:$M$13, COLUMN(J11), ROW(J11))} -> 0.94176634 | M12: 1
A13: 11 | B13: {=INDEX($B$2:$M$13, COLUMN(A12), ROW(A12))} -> 0.75799432 | C13: {=INDEX($B$2:$M$13, COLUMN(B12), ROW(B12))} -> 0.11254285 | D13: {=INDEX($B$2:$M$13, COLUMN(C12), ROW(C12))} -> 0.56961422 | E13: {=INDEX($B$2:$M$13, COLUMN(D12), ROW(D12))} -> 1 | F13: {=INDEX($B$2:$M$13, COLUMN(E12), ROW(E12))} -> 0.78637322 | G13: {=INDEX($B$2:$M$13, COLUMN(F12), ROW(F12))} -> 0.50773717 | H13: {=INDEX($B$2:$M$13, COLUMN(G12), ROW(G12))} -> 0.12844187 | I13: {=INDEX($B$2:$M$13, COLUMN(H12), ROW(H12))} -> 0.75799432 | ... L13: {=INDEX($B$2:$M$13, COLUMN(K12), ROW(K12))} -> 1
