Workbook
Name PPM: PPM!$A$1:$M$5

Sheet PPM
B1: 0 | C1: 1 | D1: 2 | E1: 3 | F1: 4 | G1: 5 | H1: 6 | I1: 7 | J1: 8 | K1: 9 | L1: 10 | M1: 11
A2: A | B2: 0.03125 | C2: 0.046875 | D2: 0 | E2: 1 | F2: 0.90625 | G2: 0.09375 | H2: 0 | I2: 0.015625 | J2: 0.015625 | K2: 0.015625 | L2: 1 | M2: 0
A3: C | B3: 0.25 | C3: 0.015625 | D3: 0.984375 | E3: 0 | F3: 0 | G3: 0.15625 | H3: 0 | I3: 0.25 | J3: 0 | K3: 0.984375 | L3: 0 | M3: 0.234375
A4: G | B4: 0.71875 | C4: 0 | D4: 0.015625 | E4: 0 | F4: 0 | G4: 0.59375 | H4: 0 | I4: 0.734375 | J4: 0 | K4: 0 | L4: 0 | M4: 0
A5: T | B5: 0 | C5: 0.9375 | D5: 0 | E5: 0 | F5: 0.09375 | G5: 0.15625 | H5: 1 | I5: 0 | J5: 0.984375 | K5: 0 | L5: 0 | M5: 0.765625

Sheet Information Content
A1: Metric: Information Content | B1: 0 | C1: 1 | D1: 2 | E1: 3 | F1: 4 | G1: 5 | H1: 6 | I1: 7 | J1: 8 | K1: 9 | L1: 10 | M1: 11 | P1: 7 | Q1: 2 | R1: P_XY | S1: H_after | T1: Result (H_before - H_after)
A2: 0 | C2: 0.38745152 | D2: =0.945815271 -> 0.94581527 | E2: 0.60167079 | F2: 0.37505516 | G2: 0.59676076 | H2: 0.50065508 | I2: 1.0382551 | J2: 0.4641201 | K2: 0.91279231 | L2: 0.60167079 | M2: 0.34988061 | O2: A | P2: {=INDEX(PPM!$B$2:$M$5, ROW(A1), MATCH(P$1, PPM!$B$1:$M$1, 0)) + 0.0000000001} -> 0.015625 | Q2: {=INDEX(PPM!$B$2:$M$5, ROW(B1), MATCH(Q$1, PPM!$B$1:$M$1, 0)) + 0.0000000001} -> 1e-10 | R2: =AVERAGE(P2,Q2) -> 0.0078125001 | S2: =R2*LOG(R2, 2) -> -0.054687501
A3: 1 | B3: {=INDEX($B$2:$M$13, COLUMN(A2), ROW(A2))} -> 0.38745152 | D3: 0.80600252 | E3: 0.94407352 | F3: 0.94300773 | G3: 0.43011039 | H3: 1.7740252 | I3: 0.41379672 | J3: 1.7338225 | K3: 0.83135496 | L3: 0.94407352 | M3: 1.3006795 | O3: C | P3: {=INDEX(PPM!$B$2:$M$5, ROW(A2), MATCH(P$1, PPM!$B$1:$M$1, 0)) + 0.0000000001} -> 0.25 | Q3: {=INDEX(PPM!$B$2:$M$5, ROW(B2), MATCH(Q$1, PPM!$B$1:$M$1, 0)) + 0.0000000001} -> 0.984375 | R3: =AVERAGE(P3,Q3) -> 0.6171875 | S3: =R3*LOG(R3, 2) -> -0.42969782
A4: 2 | B4: {=INDEX($B$2:$M$13, COLUMN(A3), ROW(A3))} -> 0.94581527 | C4: {=INDEX($B$2:$M$13, COLUMN(B3), ROW(B3))} -> 0.80600252 | E4: 0.94194246 | F4: 0.71751022 | G4: 0.52122606 | H4: 0.94194246 | I4: 0.98497561 | J4: 0.88388492 | K4: 1.8682599 | L4: 0.94194246 | M4: 0.97954809 | O4: T | P4: {=INDEX(PPM!$B$2:$M$5, ROW(A3), MATCH(P$1, PPM!$B$1:$M$1, 0)) + 0.0000000001} -> 0.734375 | Q4: {=INDEX(PPM!$B$2:$M$5, ROW(B3), MATCH(Q$1, PPM!$B$1:$M$1, 0)) + 0.0000000001} -> 0.015625 | R4: =AVERAGE(P4,Q4) -> 0.375 | S4: =R4*LOG(R4, 2) -> -0.53063906
A5: 3 | B5: {=INDEX($B$2:$M$13, COLUMN(A4), ROW(A4))} -> 0.60167079 | C5: {=INDEX($B$2:$M$13, COLUMN(B4), ROW(B4))} -> 0.94407352 | D5: {=INDEX($B$2:$M$13, COLUMN(C4), ROW(C4))} -> 0.94194246 | F5: 1.7270291 | G5: 0.42898139 | H5: 0.99999999 | I5: 0.59780925 | J5: 1.0001761 | K5: 1.0001761 | L5: 2 | M5: 0.60721985 | O5: G | P5: {=INDEX(PPM!$B$2:$M$5, ROW(A4), MATCH(P$1, PPM!$B$1:$M$1, 0)) + 0.0000000001} -> 1e-10 | Q5: {=INDEX(PPM!$B$2:$M$5, ROW(B4), MATCH(Q$1, PPM!$B$1:$M$1, 0)) + 0.0000000001} -> 1e-10 | R5: =AVERAGE(P5,Q5) -> 1e-10 | S5: =R5*LOG(R5, 2) -> -3.3219281e-09
A6: 4 | B6: {=INDEX($B$2:$M$13, COLUMN(A5), ROW(A5))} -> 0.37505516 | C6: {=INDEX($B$2:$M$13, COLUMN(B5), ROW(B5))} -> 0.94300773 | D6: {=INDEX($B$2:$M$13, COLUMN(C5), ROW(C5))} -> 0.71751022 | E6: {=INDEX($B$2:$M$13, COLUMN(D5), ROW(D5))} -> 1.7270291 | G6: 0.31750411 | H6: 1.0063493 | I6: 0.37227649 | J6: 1.0044072 | K6: 0.77464336 | L6: 1.7270291 | M6: 0.59641438 | R6: =SUM(R2:R5) -> 1 | S6: =-SUM(S2:S5) -> 1.0150244 | T6: =2 - S6 -> 0.98497561
A7: 5 | B7: {=INDEX($B$2:$M$13, COLUMN(A6), ROW(A6))} -> 0.59676076 | C7: {=INDEX($B$2:$M$13, COLUMN(B6), ROW(B6))} -> 0.43011039 | D7: {=INDEX($B$2:$M$13, COLUMN(C6), ROW(C6))} -> 0.52122606 | E7: {=INDEX($B$2:$M$13, COLUMN(D6), ROW(D6))} -> 0.42898139 | F7: {=INDEX($B$2:$M$13, COLUMN(E6), ROW(E6))} -> 0.31750411 | H7: 0.52851446 | I7: 0.62406584 | J7: 0.50116565 | K7: 0.50116565 | L7: 0.42898139 | M7: 0.29768254
A8: 6 | B8: {=INDEX($B$2:$M$13, COLUMN(A7), ROW(A7))} -> 0.50065508 | C8: {=INDEX($B$2:$M$13, COLUMN(B7), ROW(B7))} -> 1.7740252 | D8: {=INDEX($B$2:$M$13, COLUMN(C7), ROW(C7))} -> 0.94194246 | E8: {=INDEX($B$2:$M$13, COLUMN(D7), ROW(D7))} -> 0.99999999 | F8: {=INDEX($B$2:$M$13, COLUMN(E7), ROW(E7))} -> 1.0063493 | G8: {=INDEX($B$2:$M$13, COLUMN(F7), ROW(F7))} -> 0.52851446 | I8: 0.53957559 | J8: 1.9340856 | K8: 0.94194246 | L8: 0.99999999 | M8: 1.478778
A9: 7 | B9: {=INDEX($B$2:$M$13, COLUMN(A8), ROW(A8))} -> 1.0382551 | C9: {=INDEX($B$2:$M$13, COLUMN(B8), ROW(B8))} -> 0.41379672 | D9: {=INDEX($B$2:$M$13, COLUMN(C8), ROW(C8))} -> 0.98497561 | E9: {=INDEX($B$2:$M$13, COLUMN(D8), ROW(D8))} -> 0.59780925 | F9: {=INDEX($B$2:$M$13, COLUMN(E8), ROW(E8))} -> 0.37227649 | G9: {=INDEX($B$2:$M$13, COLUMN(F8), ROW(F8))} -> 0.62406584 | H9: {=INDEX($B$2:$M$13, COLUMN(G8), ROW(G8))} -> 0.53957559 | J9: 0.49714306 | K9: 0.94581527 | L9: 0.59780925 | M9: 0.38880112
A10: 8 | B10: {=INDEX($B$2:$M$13, COLUMN(A9), ROW(A9))} -> 0.4641201 | C10: {=INDEX($B$2:$M$13, COLUMN(B9), ROW(B9))} -> 1.7338225 | D10: {=INDEX($B$2:$M$13, COLUMN(C9), ROW(C9))} -> 0.88388492 | E10: {=INDEX($B$2:$M$13, COLUMN(D9), ROW(D9))} -> 1.0001761 | F10: {=INDEX($B$2:$M$13, COLUMN(E9), ROW(E9))} -> 1.0044072 | G10: {=INDEX($B$2:$M$13, COLUMN(F9), ROW(F9))} -> 0.50116565 | H10: {=INDEX($B$2:$M$13, COLUMN(G9), ROW(G9))} -> 1.9340856 | I10: {=INDEX($B$2:$M$13, COLUMN(H9), ROW(H9))} -> 0.49714306 | K10: 0.89950992 | L10: 1.0001761 | M10: 1.4142743
A11: 9 | B11: {=INDEX($B$2:$M$13, COLUMN(A10), ROW(A10))} -> 0.91279231 | C11: {=INDEX($B$2:$M$13, COLUMN(B10), ROW(B10))} -> 0.83135496 | D11: {=INDEX($B$2:$M$13, COLUMN(C10), ROW(C10))} -> 1.8682599 | E11: {=INDEX($B$2:$M$13, COLUMN(D10), ROW(D10))} -> 1.0001761 | F11: {=INDEX($B$2:$M$13, COLUMN(E10), ROW(E10))} -> 0.77464336 | G11: {=INDEX($B$2:$M$13, COLUMN(F10), ROW(F10))} -> 0.50116565 | H11: {=INDEX($B$2:$M$13, COLUMN(G10), ROW(G10))} -> 0.94194246 | I11: {=INDEX($B$2:$M$13, COLUMN(H10), ROW(H10))} -> 0.94581527 | J11: {=INDEX($B$2:$M$13, COLUMN(I10), ROW(I10))} -> 0.89950992 | L11: 1.0001761 | M11: 0.97954809
A12: 10 | B12: {=INDEX($B$2:$M$13, COLUMN(A11), ROW(A11))} -> 0.60167079 | C12: {=INDEX($B$2:$M$13, COLUMN(B11), ROW(B11))} -> 0.94407352 | D12: {=INDEX($B$2:$M$13, COLUMN(C11), ROW(C11))} -> 0.94194246 | E12: {=INDEX($B$2:$M$13, COLUMN(D11), ROW(D11))} -> 2 | F12: {=INDEX($B$2:$M$13, COLUMN(E11), ROW(E11))} -> 1.7270291 | G12: {=INDEX($B$2:$M$13, COLUMN(F11), ROW(F11))} -> 0.42898139 | H12: {=INDEX($B$2:$M$13, COLUMN(G11), ROW(G11))} -> 0.99999999 | I12: {=INDEX($B$2:$M$13, COLUMN(H11), ROW(H11))} -> 0.59780925 | ... K12: {=INDEX($B$2:$M$13, COLUMN(J11), ROW(J11))} -> 1.0001761 | M12: 0.60721985
A13: 11 | B13: {=INDEX($B$2:$M$13, COLUMN(A12), ROW(A12))} -> 0.34988061 | C13: {=INDEX($B$2:$M$13, COLUMN(B12), ROW(B12))} -> 1.3006795 | D13: {=INDEX($B$2:$M$13, COLUMN(C12), ROW(C12))} -> 0.97954809 | E13: {=INDEX($B$2:$M$13, COLUMN(D12), ROW(D12))} -> 0.60721985 | F13: {=INDEX($B$2:$M$13, COLUMN(E12), ROW(E12))} -> 0.59641438 | G13: {=INDEX($B$2:$M$13, COLUMN(F12), ROW(F12))} -> 0.29768254 | H13: {=INDEX($B$2:$M$13, COLUMN(G12), ROW(G12))} -> 1.478778 | I13: {=INDEX($B$2:$M$13, COLUMN(H12), ROW(H12))} -> 0.38880112 | ... L13: {=INDEX($B$2:$M$13, COLUMN(K12), ROW(K12))} -> 0.60721985
